<?xml version="1.0" encoding="utf-8"?>
<ArrayOfTaskConfig xmlns:xsi="http://www.w3.org/2001/XMLSchema-instance" xmlns:xsd="http://www.w3.org/2001/XMLSchema">
  <TaskConfig>
    <ID>0</ID>
    <Name>Example: Display message</Name>
    <Methods>
      <Method>
        <Type>Display a message</Type>
        <Parameters>
          <string>Thank you for using RoboIntern!

If you notice bugs please leave a feedback at contact@robointern.tech.

Happy automation! </string>
          <string />
          <string />
          <string />
          <string>true</string>
          <string />
        </Parameters>
        <Status>Done</Status>
      </Method>
    </Methods>
    <Triggers>
      <Trigger>
        <Type>On time</Type>
        <Parameters>
          <string>Weekly</string>
          <string>12:59:00</string>
          <string>Wednesday,Sunday</string>
          <string />
          <string />
          <string />
          <string />
          <string />
          <string />
          <string>23/04/2020</string>
          <string>1</string>
        </Parameters>
        <LastRun>22/08/2019 21:06:11</LastRun>
        <NextRun>27/05/2020 12:59:00</NextRun>
      </Trigger>
    </Triggers>
    <Status>Inactive</Status>
    <StatusMessage>-</StatusMessage>
    <LastRun>24/05/2020 12:59:01</LastRun>
    <NextRun>16/08/2020 12:59:00</NextRun>
    <LastModified>Test on 23/04/2020 12:59:37</LastModified>
    <ExecutionType>False</ExecutionType>
  </TaskConfig>
  <TaskConfig>
    <ID>1</ID>
    <Name>Example: Export Access to Excel</Name>
    <Methods>
      <Method>
        <Type>Transfer Access data to Excel file</Type>
        <Parameters>
          <string>C:\Users\Test\source\repos\tasker\tasker\tasker\bin\x86\Release\examples\myAccessDB.accdb</string>
          <string>SELECT * FROM tblCustomers</string>
          <string />
          <string>C:\Users\Test\source\repos\tasker\tasker\tasker\bin\x86\Release\examples\myExcel.xlsx</string>
          <string />
          <string>AccessImport</string>
          <string>C3</string>
          <string>true</string>
          <string>true</string>
        </Parameters>
        <Status>Done</Status>
      </Method>
    </Methods>
    <Triggers>
      <Trigger>
        <Type>File modified</Type>
        <Parameters>
          <string>C:\Users\Test\source\repos\tasker\tasker\tasker\bin\x86\Release\examples\myTriggerFile.txt</string>
          <string>01/06/2019</string>
          <string />
          <string />
          <string />
          <string />
          <string />
          <string />
          <string />
        </Parameters>
        <LastRun>08/06/2019 18:01:25</LastRun>
      </Trigger>
    </Triggers>
    <Status>Inactive</Status>
    <StatusMessage>-</StatusMessage>
    <LastRun>20/06/2019 21:57:16</LastRun>
    <NextRun>31/12/9999 00:00:00</NextRun>
    <LastModified>-</LastModified>
    <ExecutionType>False</ExecutionType>
  </TaskConfig>
  <TaskConfig>
    <ID>2</ID>
    <Name>Example: Copy - paste Excel </Name>
    <Methods>
      <Method>
        <Type>Copy-paste Excel data</Type>
        <Parameters>
          <string>C:\Users\Test\source\repos\tasker\tasker\tasker\bin\x86\Release\examples\myExcel.xlsx</string>
          <string>FixedData</string>
          <string>D5:F27</string>
          <string>C:\Users\Test\source\repos\tasker\tasker\tasker\bin\x86\Release\examples\myOtherExcel.xlsx</string>
          <string>CopiedData</string>
          <string>A2</string>
          <string>Copy</string>
          <string>All</string>
        </Parameters>
        <Status>Error</Status>
      </Method>
    </Methods>
    <Triggers>
      <Trigger>
        <Type>On time</Type>
        <Parameters>
          <string>Daily</string>
          <string>18:00:00</string>
          <string />
          <string />
          <string />
          <string />
          <string />
          <string />
          <string />
          <string>31/07/2019</string>
          <string>1</string>
        </Parameters>
        <NextRun>16/05/2020 18:00:00</NextRun>
      </Trigger>
    </Triggers>
    <TriggerConditions>False</TriggerConditions>
    <Status>Error</Status>
    <StatusMessage>Index was out of range. Must be non-negative and less than the size of the collection.
Parameter name: index</StatusMessage>
    <LastRun>15/05/2020 18:00:03</LastRun>
    <NextRun>16/08/2020 18:00:00</NextRun>
    <LastModified>-</LastModified>
    <ExecutionType>False</ExecutionType>
  </TaskConfig>
  <TaskConfig>
    <ID>3</ID>
    <Name>Example: Send database email</Name>
    <Methods>
      <Method>
        <Type>Send email with files, images or database data</Type>
        <Parameters>
          <string>Default Outlook account</string>
          <string>example@example.com</string>
          <string />
          <string />
          <string>My Database Email</string>
          <string>Hello,

Please find attached my database data:

&lt;myDataTable&gt;

Take care,
RoboIntern</string>
          <string>§Database data¢myAccessDB¢SELECT * FROM tblCustomers¢&lt;myDataTable&gt;</string>
          <string>False</string>
          <string />
          <string />
        </Parameters>
        <Status>Done</Status>
      </Method>
    </Methods>
    <Triggers>
      <Trigger>
        <Type>On time</Type>
        <Parameters>
          <string>Daily</string>
          <string>18:00:00</string>
          <string />
          <string />
          <string />
          <string />
          <string />
          <string />
          <string />
          <string>31/07/2019</string>
          <string>1</string>
        </Parameters>
        <NextRun>09/09/2019 18:00:00</NextRun>
      </Trigger>
    </Triggers>
    <Status>Inactive</Status>
    <StatusMessage>-</StatusMessage>
    <LastRun>08/09/2019 18:00:04</LastRun>
    <NextRun>16/08/2020 18:00:00</NextRun>
    <LastModified>-</LastModified>
    <ExecutionType>False</ExecutionType>
  </TaskConfig>
  <TaskConfig>
    <ID>4</ID>
    <Name>Example: Get email if file deleted</Name>
    <Methods>
      <Method>
        <Type>Send email with plain text</Type>
        <Parameters>
          <string>htomi01@gmail.com</string>
          <string>example@example.com</string>
          <string />
          <string />
          <string>File just got deleted!</string>
          <string>Hello,

My file myTriggerFile.txt just got deleted!

Take care,
RoboIntern</string>
          <string />
          <string>False</string>
          <string />
          <string />
        </Parameters>
        <Status>Error</Status>
      </Method>
    </Methods>
    <Triggers>
      <Trigger>
        <Type>File deleted</Type>
        <Parameters>
          <string>C:\Users\Test\source\repos\tasker\tasker\tasker\bin\x86\Release\examples\myTriggerFile.txt</string>
          <string>01/06/2019</string>
          <string />
          <string />
          <string />
          <string />
          <string />
          <string />
          <string />
        </Parameters>
      </Trigger>
    </Triggers>
    <Status>Error</Status>
    <StatusMessage>The SMTP server requires a secure connection or the client was not authenticated. The server response was: 5.7.0 Authentication Required. Learn more at</StatusMessage>
    <LastRun>10/02/2020 21:22:50</LastRun>
    <NextRun>31/12/9999 00:00:00</NextRun>
    <LastModified>Test on 10/02/2020 21:22:25</LastModified>
    <ExecutionType>False</ExecutionType>
  </TaskConfig>
  <TaskConfig>
    <ID>5</ID>
    <Name>Example: Copy Excel chart to Word and PDF</Name>
    <Methods>
      <Method>
        <Type>Transfer Excel chart to Word</Type>
        <Parameters>
          <string>C:\Users\Test\source\repos\tasker\tasker\tasker\bin\x86\Release\examples\myExcel.xlsx</string>
          <string>RandomData</string>
          <string>myChart</string>
          <string>C:\Users\Test\source\repos\tasker\tasker\tasker\bin\x86\Release\examples\myWordDoc.docx</string>
          <string>&lt;myChartPlaceholder&gt;</string>
          <string />
        </Parameters>
        <Status>Error</Status>
      </Method>
      <Method>
        <Type>Convert Word to PDF</Type>
        <Parameters>
          <string>C:\Users\Test\source\repos\tasker\tasker\tasker\bin\x86\Release\examples\myWordDoc.docx</string>
          <string>C:\Users\Test\source\repos\tasker\tasker\tasker\bin\x86\Release\examples\myWordDocAsPDF.pdf</string>
          <string>true</string>
          <string />
          <string />
          <string />
        </Parameters>
        <Status>Pending</Status>
      </Method>
    </Methods>
    <Triggers>
      <Trigger>
        <Type>On time</Type>
        <Parameters>
          <string>Weekly</string>
          <string>18:00:00</string>
          <string>Monday</string>
          <string />
          <string />
          <string />
          <string />
          <string />
          <string />
          <string>31/07/2019</string>
          <string>1</string>
        </Parameters>
        <NextRun>23/12/2019 18:00:00</NextRun>
      </Trigger>
    </Triggers>
    <Status>Error</Status>
    <StatusMessage>Object reference not set to an instance of an object.</StatusMessage>
    <LastRun>16/12/2019 19:29:32</LastRun>
    <NextRun>17/08/2020 18:00:00</NextRun>
    <LastModified>-</LastModified>
    <ExecutionType>True</ExecutionType>
  </TaskConfig>
  <TaskConfig>
    <ID>7</ID>
    <Name>Task 7</Name>
    <Methods>
      <Method>
        <Type>Display a message</Type>
        <Parameters>
          <string>hi</string>
          <string />
          <string />
          <string />
          <string />
          <string />
        </Parameters>
        <Status>Done</Status>
      </Method>
    </Methods>
    <Triggers>
      <Trigger>
        <Type>On time</Type>
        <Parameters>
          <string>Daily</string>
          <string>09:00:00</string>
          <string />
          <string />
          <string />
          <string />
          <string />
          <string />
          <string />
          <string>18/07/2019</string>
          <string>1</string>
        </Parameters>
        <NextRun>15/09/2019 09:00:00</NextRun>
      </Trigger>
      <Trigger>
        <Type>On time</Type>
        <Parameters>
          <string>Daily</string>
          <string>10:00:00</string>
          <string />
          <string />
          <string />
          <string />
          <string />
          <string />
          <string />
          <string>18/07/2019</string>
          <string>1</string>
        </Parameters>
        <NextRun>15/09/2019 10:00:00</NextRun>
      </Trigger>
    </Triggers>
    <Status>Inactive</Status>
    <StatusMessage>-</StatusMessage>
    <LastRun>13/09/2019 18:33:39</LastRun>
    <NextRun>16/08/2020 10:00:00</NextRun>
    <LastModified>Test on 18/07/2019 20:06:32</LastModified>
    <ExecutionType>True</ExecutionType>
  </TaskConfig>
  <TaskConfig>
    <ID>10</ID>
    <Name>Task 10</Name>
    <Methods>
      <Method>
        <Type>Send email with plain text</Type>
        <Parameters>
          <string>htomi01@gmail.com</string>
          <string>tomassz01@hotmail.com</string>
          <string />
          <string />
          <string>test</string>
          <string>testt</string>
          <string />
          <string>False</string>
          <string />
          <string />
        </Parameters>
        <Status>Done</Status>
      </Method>
    </Methods>
    <Triggers>
      <Trigger>
        <Type>No trigger</Type>
        <Parameters>
          <string />
        </Parameters>
        <NextRun>31/12/9997 00:00:00</NextRun>
      </Trigger>
    </Triggers>
    <Status>Active</Status>
    <StatusMessage>-</StatusMessage>
    <LastRun>19/10/2019 11:10:20</LastRun>
    <NextRun>31/12/9997 00:00:00</NextRun>
    <LastModified>Test on 17/10/2019 21:42:39</LastModified>
    <ExecutionType>True</ExecutionType>
  </TaskConfig>
  <TaskConfig>
    <ID>6</ID>
    <Name>Task 6</Name>
    <Methods>
      <Method>
        <Type>Display a message</Type>
        <Parameters>
          <string>hi</string>
          <string />
          <string />
          <string />
          <string />
          <string />
        </Parameters>
        <Status>Done</Status>
      </Method>
    </Methods>
    <Triggers>
      <Trigger>
        <Type>On time</Type>
        <Parameters>
          <string>High frequency</string>
          <string>21:48:00</string>
          <string />
          <string />
          <string />
          <string />
          <string>5</string>
          <string>second</string>
          <string>0</string>
          <string>20/08/2019</string>
          <string>1</string>
        </Parameters>
        <NextRun>29/03/2020 11:52:50</NextRun>
      </Trigger>
    </Triggers>
    <Status>Inactive</Status>
    <StatusMessage>-</StatusMessage>
    <LastRun>29/03/2020 11:52:25</LastRun>
    <NextRun>15/08/2020 20:40:40</NextRun>
    <ExecutionType>True</ExecutionType>
  </TaskConfig>
  <TaskConfig>
    <ID>9</ID>
    <Name>Task 9</Name>
    <Methods>
      <Method>
        <Type>Display a message</Type>
        <Parameters>
          <string>hi</string>
          <string />
          <string />
          <string />
          <string />
          <string />
        </Parameters>
      </Method>
    </Methods>
    <Triggers>
      <Trigger>
        <Type>On time</Type>
        <Parameters>
          <string>Daily</string>
          <string>09:00:00</string>
          <string />
          <string />
          <string />
          <string />
          <string />
          <string />
          <string />
          <string>18/07/2019</string>
          <string>1</string>
        </Parameters>
        <NextRun>01/12/2019 09:00:00</NextRun>
      </Trigger>
      <Trigger>
        <Type>On time</Type>
        <Parameters>
          <string>Daily</string>
          <string>10:00:00</string>
          <string />
          <string />
          <string />
          <string />
          <string />
          <string />
          <string />
          <string>18/07/2019</string>
          <string>1</string>
        </Parameters>
        <NextRun>01/12/2019 10:00:00</NextRun>
      </Trigger>
    </Triggers>
    <Status>Inactive</Status>
    <StatusMessage>-</StatusMessage>
    <LastRun>01/12/2019 10:00:00</LastRun>
    <NextRun>16/08/2020 10:00:00</NextRun>
    <ExecutionType>True</ExecutionType>
  </TaskConfig>
  <TaskConfig>
    <ID>11</ID>
    <Name>Task 11</Name>
    <Methods>
      <Method>
        <Type>Display a message</Type>
        <Parameters>
          <string>hi</string>
          <string />
          <string />
          <string />
          <string />
          <string />
        </Parameters>
      </Method>
    </Methods>
    <Triggers>
      <Trigger>
        <Type>On time</Type>
        <Parameters>
          <string>Daily</string>
          <string>09:00:00</string>
          <string />
          <string />
          <string />
          <string />
          <string />
          <string />
          <string />
          <string>18/07/2019</string>
          <string>1</string>
        </Parameters>
        <NextRun>01/12/2019 09:00:00</NextRun>
      </Trigger>
      <Trigger>
        <Type>On time</Type>
        <Parameters>
          <string>Daily</string>
          <string>10:00:00</string>
          <string />
          <string />
          <string />
          <string />
          <string />
          <string />
          <string />
          <string>18/07/2019</string>
          <string>1</string>
        </Parameters>
        <NextRun>01/12/2019 10:00:00</NextRun>
      </Trigger>
    </Triggers>
    <Status>Inactive</Status>
    <StatusMessage>-</StatusMessage>
    <LastRun>01/12/2019 10:00:00</LastRun>
    <NextRun>16/08/2020 10:00:00</NextRun>
    <ExecutionType>True</ExecutionType>
  </TaskConfig>
  <TaskConfig>
    <ID>12</ID>
    <Name>Task 12</Name>
    <Methods>
      <Method>
        <Type>Send email with plain text</Type>
        <Parameters>
          <string>htomi01@gmail.com</string>
          <string>tomassz01@hotmail.com</string>
          <string />
          <string />
          <string>test</string>
          <string>testt</string>
          <string />
          <string>False</string>
          <string />
          <string />
        </Parameters>
      </Method>
    </Methods>
    <Triggers>
      <Trigger>
        <Type>No trigger</Type>
        <Parameters>
          <string />
        </Parameters>
        <NextRun>31/12/9997 00:00:00</NextRun>
      </Trigger>
    </Triggers>
    <Status>Active</Status>
    <LastRun>31/12/9997 00:00:00</LastRun>
    <NextRun>31/12/9997 00:00:00</NextRun>
    <ExecutionType>True</ExecutionType>
  </TaskConfig>
  <TaskConfig>
    <ID>99</ID>
    <Name>Copy service files </Name>
    <Methods>
      <Method>
        <Type>Copy / move / delete folder</Type>
        <Parameters>
          <string>Copy</string>
          <string>C:\Users\Test\source\repos\tasker\tasker\RoboInternService\bin\Release</string>
          <string>C:\Users\Test\source\repos\tasker\tasker\tasker\bin\x86\Release\service</string>
          <string>true</string>
          <string>Include</string>
          <string />
        </Parameters>
        <Status>Active</Status>
      </Method>
      <Method>
        <Type>Copy / move / delete folder</Type>
        <Parameters>
          <string>Copy</string>
          <string>C:\Users\Test\source\repos\tasker\tasker\RoboInternService\bin\Release</string>
          <string>C:\Users\Test\source\repos\tasker\tasker\tasker\bin\x64\Release\service</string>
          <string>true</string>
          <string>Include</string>
          <string />
        </Parameters>
        <Status>Done</Status>
        <StatusMessage>-</StatusMessage>
      </Method>
      <Method>
        <Type>Copy / move / delete folder</Type>
        <Parameters>
          <string>Copy</string>
          <string>C:\Users\Test\source\repos\tasker\tasker\RoboInternService\bin\Release</string>
          <string>C:\Users\Test\source\repos\tasker\tasker\tasker\bin\x64\Debug\service</string>
          <string>true</string>
          <string />
        </Parameters>
        <Status>Done</Status>
        <StatusMessage>-</StatusMessage>
      </Method>
      <Method>
        <Type>Copy / move / delete folder</Type>
        <Parameters>
          <string>Copy</string>
          <string>C:\Users\Test\source\repos\tasker\tasker\RoboInternService\bin\Release</string>
          <string>C:\Users\Test\source\repos\tasker\tasker\tasker\bin\x86\debug\service</string>
          <string>true</string>
          <string />
        </Parameters>
        <Status>Done</Status>
        <StatusMessage>-</StatusMessage>
      </Method>
      <Method>
        <Type>Copy / move / delete file</Type>
        <Parameters>
          <string>Copy</string>
          <string>C:\Users\Test\source\repos\tasker\tasker\tasker\bin\x86\Release\lib\BouncyCastle.Crypto.dll</string>
          <string>C:\Users\Test\source\repos\tasker\tasker\tasker\bin\x86\Release\service\BouncyCastle.Crypto.dll</string>
          <string>true</string>
          <string />
        </Parameters>
        <Status>Done</Status>
        <StatusMessage>-</StatusMessage>
      </Method>
      <Method>
        <Type>Copy / move / delete file</Type>
        <Parameters>
          <string>Copy</string>
          <string>C:\Users\Test\source\repos\tasker\tasker\tasker\bin\x86\Release\lib\ChoPGP.dll</string>
          <string>C:\Users\Test\source\repos\tasker\tasker\tasker\bin\x86\Release\service\ChoPGP.dll</string>
          <string>true</string>
          <string />
        </Parameters>
        <Status>Done</Status>
        <StatusMessage>-</StatusMessage>
      </Method>
      <Method>
        <Type>Copy / move / delete file</Type>
        <Parameters>
          <string>Copy</string>
          <string>C:\Users\Test\source\repos\tasker\tasker\tasker\bin\x86\Release\lib\DotNetZip.dll</string>
          <string>C:\Users\Test\source\repos\tasker\tasker\tasker\bin\x86\Release\service\DotNetZip.dll</string>
          <string>true</string>
          <string />
        </Parameters>
        <Status>Done</Status>
        <StatusMessage>-</StatusMessage>
      </Method>
      <Method>
        <Type>Copy / move / delete file</Type>
        <Parameters>
          <string>Copy</string>
          <string>C:\Users\Test\source\repos\tasker\tasker\tasker\bin\x86\Release\lib\DotNetZip.xml</string>
          <string>C:\Users\Test\source\repos\tasker\tasker\tasker\bin\x86\Release\service\DotNetZip.xml</string>
          <string>true</string>
          <string />
        </Parameters>
        <Status>Done</Status>
        <StatusMessage>-</StatusMessage>
      </Method>
      <Method>
        <Type>Copy / move / delete file</Type>
        <Parameters>
          <string>Copy</string>
          <string>C:\Users\Test\source\repos\tasker\tasker\tasker\bin\x86\Release\lib\MailKit.dll</string>
          <string>C:\Users\Test\source\repos\tasker\tasker\tasker\bin\x86\Release\service\MailKit.dll</string>
          <string>true</string>
          <string />
        </Parameters>
        <Status>Done</Status>
        <StatusMessage>-</StatusMessage>
      </Method>
      <Method>
        <Type>Copy / move / delete file</Type>
        <Parameters>
          <string>Copy</string>
          <string>C:\Users\Test\source\repos\tasker\tasker\tasker\bin\x86\Release\lib\MailKit.xml</string>
          <string>C:\Users\Test\source\repos\tasker\tasker\tasker\bin\x86\Release\service\MailKit.xml</string>
          <string>true</string>
          <string />
        </Parameters>
        <Status>Done</Status>
        <StatusMessage>-</StatusMessage>
      </Method>
      <Method>
        <Type>Copy / move / delete file</Type>
        <Parameters>
          <string>Copy</string>
          <string>C:\Users\Test\source\repos\tasker\tasker\tasker\bin\x86\Release\lib\MimeKit.dll</string>
          <string>C:\Users\Test\source\repos\tasker\tasker\tasker\bin\x86\Release\service\MimeKit.dll</string>
          <string>true</string>
          <string />
        </Parameters>
        <Status>Done</Status>
        <StatusMessage>-</StatusMessage>
      </Method>
      <Method>
        <Type>Copy / move / delete file</Type>
        <Parameters>
          <string>Copy</string>
          <string>C:\Users\Test\source\repos\tasker\tasker\tasker\bin\x86\Release\lib\MimeKit.xml</string>
          <string>C:\Users\Test\source\repos\tasker\tasker\tasker\bin\x86\Release\service\MimeKit.xml</string>
          <string>true</string>
          <string />
        </Parameters>
        <Status>Done</Status>
        <StatusMessage>-</StatusMessage>
      </Method>
      <Method>
        <Type>Copy / move / delete file</Type>
        <Parameters>
          <string>Copy</string>
          <string>C:\Users\Test\source\repos\tasker\tasker\tasker\bin\x86\Release\lib\MimeKit.dll</string>
          <string>C:\Users\Test\source\repos\tasker\tasker\tasker\bin\x86\Release\service\MimeKit.dll</string>
          <string>true</string>
          <string />
        </Parameters>
        <Status>Done</Status>
        <StatusMessage>-</StatusMessage>
      </Method>
      <Method>
        <Type>Copy / move / delete file</Type>
        <Parameters>
          <string>Copy</string>
          <string>C:\Users\Test\source\repos\tasker\tasker\tasker\bin\x86\Release\lib\MimeKit.xml</string>
          <string>C:\Users\Test\source\repos\tasker\tasker\tasker\bin\x86\Release\service\MimeKit.xml</string>
          <string>true</string>
          <string />
        </Parameters>
        <Status>Done</Status>
        <StatusMessage>-</StatusMessage>
      </Method>
      <Method>
        <Type>Copy / move / delete file</Type>
        <Parameters>
          <string>Copy</string>
          <string>C:\Users\Test\source\repos\tasker\tasker\tasker\bin\x86\Release\lib\PdfSharp.Charting.dll</string>
          <string>C:\Users\Test\source\repos\tasker\tasker\tasker\bin\x86\Release\service\PdfSharp.Charting.dll</string>
          <string>true</string>
          <string />
        </Parameters>
        <Status>Done</Status>
        <StatusMessage>-</StatusMessage>
      </Method>
      <Method>
        <Type>Copy / move / delete file</Type>
        <Parameters>
          <string>Copy</string>
          <string>C:\Users\Test\source\repos\tasker\tasker\tasker\bin\x86\Release\lib\PdfSharp.Charting.xml</string>
          <string>C:\Users\Test\source\repos\tasker\tasker\tasker\bin\x86\Release\service\PdfSharp.Charting.xml</string>
          <string>true</string>
          <string />
        </Parameters>
        <Status>Done</Status>
        <StatusMessage>-</StatusMessage>
      </Method>
      <Method>
        <Type>Copy / move / delete file</Type>
        <Parameters>
          <string>Copy</string>
          <string>C:\Users\Test\source\repos\tasker\tasker\tasker\bin\x86\Release\lib\PdfSharp.dll</string>
          <string>C:\Users\Test\source\repos\tasker\tasker\tasker\bin\x86\Release\service\PdfSharp.dll</string>
          <string>true</string>
          <string />
        </Parameters>
        <Status>Done</Status>
        <StatusMessage>-</StatusMessage>
      </Method>
      <Method>
        <Type>Copy / move / delete file</Type>
        <Parameters>
          <string>Copy</string>
          <string>C:\Users\Test\source\repos\tasker\tasker\tasker\bin\x86\Release\lib\PdfSharp.xml</string>
          <string>C:\Users\Test\source\repos\tasker\tasker\tasker\bin\x86\Release\service\PdfSharp.xml</string>
          <string>true</string>
          <string />
        </Parameters>
        <Status>Done</Status>
        <StatusMessage>-</StatusMessage>
      </Method>
      <Method>
        <Type>Copy / move / delete file</Type>
        <Parameters>
          <string>Copy</string>
          <string>C:\Users\Test\source\repos\tasker\tasker\tasker\bin\x86\Release\lib\Renci.SshNet.dll</string>
          <string>C:\Users\Test\source\repos\tasker\tasker\tasker\bin\x86\Release\service\Renci.SshNet.dll</string>
          <string>true</string>
          <string />
        </Parameters>
        <Status>Done</Status>
        <StatusMessage>-</StatusMessage>
      </Method>
      <Method>
        <Type>Copy / move / delete file</Type>
        <Parameters>
          <string>Copy</string>
          <string>C:\Users\Test\source\repos\tasker\tasker\tasker\bin\x86\Release\lib\Renci.SshNet.xml</string>
          <string>C:\Users\Test\source\repos\tasker\tasker\tasker\bin\x86\Release\service\Renci.SshNet.xml</string>
          <string>true</string>
          <string />
        </Parameters>
        <Status>Done</Status>
        <StatusMessage>-</StatusMessage>
      </Method>
      <Method>
        <Type>Copy / move / delete folder</Type>
        <Parameters>
          <string>Copy</string>
          <string>C:\Users\Test\source\repos\tasker\tasker\tasker\bin\x86\Release\service</string>
          <string>C:\Users\Test\source\repos\tasker\tasker\tasker\bin\x86\Debug\service</string>
          <string>true</string>
          <string />
        </Parameters>
        <Status>Done</Status>
        <StatusMessage>-</StatusMessage>
      </Method>
      <Method>
        <Type>Copy / move / delete folder</Type>
        <Parameters>
          <string>Copy</string>
          <string>C:\Users\Test\source\repos\tasker\tasker\tasker\bin\x86\Release\service</string>
          <string>C:\Users\Test\source\repos\tasker\tasker\tasker\bin\x64\Debug\service</string>
          <string>true</string>
          <string />
        </Parameters>
        <Status>Done</Status>
        <StatusMessage>-</StatusMessage>
      </Method>
      <Method>
        <Type>Copy / move / delete folder</Type>
        <Parameters>
          <string>Copy</string>
          <string>C:\Users\Test\source\repos\tasker\tasker\tasker\bin\x86\Release\service</string>
          <string>C:\Users\Test\source\repos\tasker\tasker\tasker\bin\x64\Release\service</string>
          <string>true</string>
          <string />
        </Parameters>
        <Status>Done</Status>
        <StatusMessage>-</StatusMessage>
      </Method>
    </Methods>
    <Triggers>
      <Trigger>
        <Type>No trigger</Type>
        <Parameters>
          <string />
        </Parameters>
        <NextRun>31/12/9997 00:00:00</NextRun>
      </Trigger>
    </Triggers>
    <TriggerConditions>False</TriggerConditions>
    <Status>Active</Status>
    <StatusMessage>-</StatusMessage>
    <LastRun>19/07/2020 21:10:33</LastRun>
    <NextRun>31/12/9997 00:00:00</NextRun>
    <LastModified>Test on 19/07/2020 13:39:35</LastModified>
    <ExecutionType>True</ExecutionType>
  </TaskConfig>
  <TaskConfig>
    <ID>8</ID>
    <Name>Task 8</Name>
    <Methods>
      <Method>
        <Type>Display a message</Type>
        <Parameters>
          <string>Guette morge</string>
          <string>false</string>
          <string />
          <string />
          <string />
          <string />
        </Parameters>
        <Status>Done</Status>
      </Method>
    </Methods>
    <Triggers>
      <Trigger>
        <Type>At computer startup</Type>
        <Parameters>
          <string />
          <string>01/05/2020</string>
          <string />
          <string />
          <string />
          <string />
          <string />
          <string />
          <string />
        </Parameters>
      </Trigger>
    </Triggers>
    <TriggerConditions>False</TriggerConditions>
    <Status>Inactive</Status>
    <StatusMessage>-</StatusMessage>
    <LastRun>28/05/2020 13:23:49</LastRun>
    <NextRun>31/12/9999 00:00:00</NextRun>
    <LastModified>Test on 01/05/2020 08:51:19</LastModified>
    <ExecutionType>True</ExecutionType>
  </TaskConfig>
  <TaskConfig>
    <ID>13</ID>
    <Name>Release x86</Name>
    <Methods>
      <Method>
        <Type>Copy / move / delete folder</Type>
        <Parameters>
          <string>Copy</string>
          <string>C:\Users\Test\source\repos\tasker\tasker\tasker\bin\x86\Release\</string>
          <string>C:\Users\Test\source\repos\tasker\publish\x86\</string>
          <string>true</string>
          <string>Exclude</string>
          <string />
        </Parameters>
        <Status>Active</Status>
      </Method>
      <Method>
        <Type>Copy / move / delete file</Type>
        <Parameters>
          <string>Copy</string>
          <string>C:\Users\Test\source\repos\tasker\tasker\tasker\bin\x86\Release\RoboIntern.application</string>
          <string>C:\Users\Test\source\repos\tasker\publish\x86\RoboIntern.application</string>
          <string>true</string>
          <string />
        </Parameters>
        <Status>Done</Status>
        <StatusMessage>-</StatusMessage>
      </Method>
      <Method>
        <Type>Copy / move / delete file</Type>
        <Parameters>
          <string>Copy</string>
          <string>C:\Users\Test\source\repos\tasker\tasker\tasker\bin\x86\Release\RoboIntern.exe.config</string>
          <string>C:\Users\Test\source\repos\tasker\publish\x86\RoboIntern.exe.config</string>
          <string>true</string>
          <string />
        </Parameters>
        <Status>Done</Status>
        <StatusMessage>-</StatusMessage>
      </Method>
      <Method>
        <Type>Copy / move / delete file</Type>
        <Parameters>
          <string>Copy</string>
          <string>C:\Users\Test\source\repos\tasker\tasker\tasker\bin\x86\Release\RoboIntern.exe.manifest</string>
          <string>C:\Users\Test\source\repos\tasker\publish\x86\RoboIntern.exe.manifest</string>
          <string>true</string>
          <string />
        </Parameters>
        <Status>Done</Status>
      </Method>
    </Methods>
    <Triggers>
      <Trigger>
        <Type>No trigger</Type>
        <Parameters>
          <string />
        </Parameters>
        <NextRun>31/12/9997 00:00:00</NextRun>
      </Trigger>
    </Triggers>
    <TriggerConditions>False</TriggerConditions>
    <Status>Active</Status>
    <StatusMessage>-</StatusMessage>
    <LastRun>19/07/2020 21:11:28</LastRun>
    <NextRun>31/12/9997 00:00:00</NextRun>
    <LastModified>Test on 15/08/2020 20:25:24</LastModified>
    <ExecutionType>True</ExecutionType>
  </TaskConfig>
  <TaskConfig>
    <ID>14</ID>
    <Name>Release x64</Name>
    <Methods>
      <Method>
        <Type>Copy / move / delete file</Type>
        <Parameters>
          <string>Copy</string>
          <string>C:\Users\Test\source\repos\tasker\tasker\tasker\bin\x64\Release\RoboIntern.exe</string>
          <string>C:\Users\Test\source\repos\tasker\publish\x64\RoboIntern.exe</string>
          <string>true</string>
          <string />
        </Parameters>
        <Status>Done</Status>
        <StatusMessage>-</StatusMessage>
      </Method>
      <Method>
        <Type>Copy / move / delete file</Type>
        <Parameters>
          <string>Copy</string>
          <string>C:\Users\Test\source\repos\tasker\tasker\tasker\bin\x64\Release\RoboIntern.application</string>
          <string>C:\Users\Test\source\repos\tasker\publish\x64\RoboIntern.application</string>
          <string>true</string>
          <string />
        </Parameters>
        <Status>Done</Status>
        <StatusMessage>-</StatusMessage>
      </Method>
      <Method>
        <Type>Copy / move / delete file</Type>
        <Parameters>
          <string>Copy</string>
          <string>C:\Users\Test\source\repos\tasker\tasker\tasker\bin\x64\Release\RoboIntern.exe.manifest</string>
          <string>C:\Users\Test\source\repos\tasker\publish\x64\RoboIntern.exe.manifest</string>
          <string>true</string>
          <string />
        </Parameters>
        <Status>Done</Status>
        <StatusMessage>-</StatusMessage>
      </Method>
      <Method>
        <Type>Copy / move / delete file</Type>
        <Parameters>
          <string>Copy</string>
          <string>C:\Users\Test\source\repos\tasker\tasker\tasker\bin\x64\Release\RoboIntern.exe.config</string>
          <string>C:\Users\Test\source\repos\tasker\publish\x64\RoboIntern.exe.config</string>
          <string>true</string>
          <string />
        </Parameters>
        <Status>Done</Status>
        <StatusMessage>-</StatusMessage>
      </Method>
    </Methods>
    <Triggers>
      <Trigger>
        <Type>No trigger</Type>
        <Parameters>
          <string />
        </Parameters>
        <NextRun>31/12/9997 00:00:00</NextRun>
      </Trigger>
    </Triggers>
    <TriggerConditions>False</TriggerConditions>
    <Status>Active</Status>
    <StatusMessage>-</StatusMessage>
    <LastRun>19/07/2020 21:11:27</LastRun>
    <NextRun>31/12/9997 00:00:00</NextRun>
    <LastModified>Test on 02/05/2020 22:19:26</LastModified>
    <ExecutionType>True</ExecutionType>
  </TaskConfig>
  <TaskConfig>
    <ID>15</ID>
    <Name>Zip releases for upload</Name>
    <Methods>
      <Method>
        <Type>Zip file / folder</Type>
        <Parameters>
          <string />
          <string>C:\Users\Test\source\repos\tasker\publish\x86\</string>
          <string>C:\Users\Test\source\repos\tasker\publish\upload\x86\RoboIntern.zip</string>
          <string />
          <string />
        </Parameters>
        <Status>Done</Status>
        <StatusMessage>-</StatusMessage>
      </Method>
      <Method>
        <Type>Zip file / folder</Type>
        <Parameters>
          <string />
          <string>C:\Users\Test\source\repos\tasker\publish\x64\</string>
          <string>C:\Users\Test\source\repos\tasker\publish\upload\x64\RoboIntern.zip</string>
          <string />
          <string />
        </Parameters>
        <Status>Done</Status>
        <StatusMessage>-</StatusMessage>
      </Method>
    </Methods>
    <Triggers>
      <Trigger>
        <Type>No trigger</Type>
        <Parameters>
          <string />
        </Parameters>
        <NextRun>31/12/9997 00:00:00</NextRun>
      </Trigger>
    </Triggers>
    <TriggerConditions>False</TriggerConditions>
    <Status>Active</Status>
    <StatusMessage>-</StatusMessage>
    <LastRun>19/07/2020 21:11:32</LastRun>
    <NextRun>31/12/9997 00:00:00</NextRun>
    <LastModified>Test on 02/05/2020 22:22:47</LastModified>
    <ExecutionType>True</ExecutionType>
  </TaskConfig>
  <TaskConfig>
    <ID>100</ID>
    <Name>Task 100</Name>
    <Methods>
      <Method>
        <Type>Copy / move / delete file</Type>
        <Parameters>
          <string>Copy</string>
          <string>C:\Users\Test\Downloads\test\test.js</string>
          <string>C:\Users\Test\Downloads\test\test_uj.js</string>
          <string>true</string>
          <string />
        </Parameters>
        <Status>Done</Status>
        <StatusMessage>-</StatusMessage>
      </Method>
    </Methods>
    <Triggers>
      <Trigger>
        <Type>On time</Type>
        <Parameters>
          <string>High frequency</string>
          <string>21:13:00</string>
          <string />
          <string />
          <string />
          <string />
          <string>5</string>
          <string>second</string>
          <string>0</string>
          <string>06/05/2020</string>
          <string>1</string>
        </Parameters>
        <NextRun>15/08/2020 20:40:40</NextRun>
      </Trigger>
    </Triggers>
    <TriggerConditions>False</TriggerConditions>
    <Status>Active</Status>
    <StatusMessage>-</StatusMessage>
    <LastRun>15/08/2020 20:40:35</LastRun>
    <NextRun>15/08/2020 20:40:40</NextRun>
    <LastModified>Test on 06/05/2020 21:13:39</LastModified>
    <ExecutionType>True</ExecutionType>
  </TaskConfig>
  <TaskConfig>
    <ID>101</ID>
    <Name>Task 101</Name>
    <Methods>
      <Method>
        <Type>Download file from website</Type>
        <Parameters>
          <string>https://robointern.tech/images/screenshots/screenshot1.png</string>
          <string />
          <string />
          <string>C:\Users\Test\Downloads\test\test_uj.png</string>
          <string>true</string>
        </Parameters>
        <Status>Done</Status>
        <StatusMessage>-</StatusMessage>
      </Method>
    </Methods>
    <Triggers>
      <Trigger>
        <Type>On time</Type>
        <Parameters>
          <string>High frequency</string>
          <string>21:18:00</string>
          <string />
          <string />
          <string />
          <string />
          <string>15</string>
          <string>second</string>
          <string>0</string>
          <string>06/05/2020</string>
          <string>1</string>
        </Parameters>
      </Trigger>
    </Triggers>
    <TriggerConditions>False</TriggerConditions>
    <Status>Inactive</Status>
    <StatusMessage>-</StatusMessage>
    <LastRun>19/07/2020 12:02:16</LastRun>
    <NextRun>15/08/2020 20:40:45</NextRun>
    <LastModified>Test on 06/05/2020 21:19:23</LastModified>
    <ExecutionType>True</ExecutionType>
  </TaskConfig>
  <TaskConfig>
    <ID>102</ID>
    <Name>Task 102</Name>
    <Methods>
      <Method>
        <Type>Convert Word to PDF</Type>
        <Parameters>
          <string>C:\Users\Test\Documents\test.docx</string>
          <string>C:\Users\Test\Documents\test.pdf</string>
          <string>true</string>
          <string />
          <string />
          <string />
        </Parameters>
        <Status>Done</Status>
      </Method>
    </Methods>
    <Triggers>
      <Trigger>
        <Type>No trigger</Type>
        <Parameters>
          <string />
        </Parameters>
        <NextRun>31/12/9997 00:00:00</NextRun>
      </Trigger>
    </Triggers>
    <TriggerConditions>False</TriggerConditions>
    <Status>Active</Status>
    <StatusMessage>-</StatusMessage>
    <LastRun>09/05/2020 11:56:42</LastRun>
    <NextRun>31/12/9997 00:00:00</NextRun>
    <LastModified>Test on 19/07/2020 11:09:28</LastModified>
    <ExecutionType>True</ExecutionType>
  </TaskConfig>
  <TaskConfig>
    <ID>103</ID>
    <Name>Task 103</Name>
    <Methods>
      <Method>
        <Type>Copy / move / delete file</Type>
        <Parameters>
          <string>Copy</string>
          <string>C:\Users\Test\Documents\test.pdf</string>
          <string>C:\Users\Test\Documents\test_new.pdf</string>
          <string>true</string>
          <string />
        </Parameters>
        <Status>Done</Status>
      </Method>
    </Methods>
    <Triggers>
      <Trigger>
        <Status>Last checked at 09/05/2020 11:56:42, file found</Status>
        <Type>File created</Type>
        <Parameters>
          <string>C:\Users\Test\Documents\test.pdf</string>
          <string>09/05/2020</string>
          <string />
          <string />
          <string />
          <string />
          <string />
          <string />
          <string />
        </Parameters>
        <LastRun>15/08/2020 20:40:35</LastRun>
      </Trigger>
    </Triggers>
    <TriggerConditions>False</TriggerConditions>
    <Status>Active</Status>
    <StatusMessage>Last checked at 09/05/2020 11:56:42, file found</StatusMessage>
    <LastRun>09/05/2020 11:50:04</LastRun>
    <NextRun>31/12/9999 00:00:00</NextRun>
    <LastModified>Test on 09/05/2020 11:43:30</LastModified>
    <ExecutionType>True</ExecutionType>
  </TaskConfig>
  <TaskConfig>
    <ID>104</ID>
    <Name>Flder move test</Name>
    <Methods>
      <Method>
        <Type>Copy / move / delete folder</Type>
        <Parameters>
          <string>Copy</string>
          <string>C:\Users\Test\source\repos\tasker\tasker\tasker\bin\x86\Release</string>
          <string>C:\Users\Test\source\repos\tasker\publish\testt</string>
          <string>True</string>
          <string>Include</string>
          <string />
        </Parameters>
        <Status>Done</Status>
        <StatusMessage>-</StatusMessage>
      </Method>
    </Methods>
    <Triggers>
      <Trigger>
        <Type>No trigger</Type>
        <Parameters>
          <string />
        </Parameters>
        <NextRun>31/12/9997 00:00:00</NextRun>
      </Trigger>
    </Triggers>
    <TriggerConditions>False</TriggerConditions>
    <Status>Active</Status>
    <StatusMessage>-</StatusMessage>
    <LastRun>15/08/2020 20:24:00</LastRun>
    <NextRun>31/12/9997 00:00:00</NextRun>
    <LastModified>Test on 15/08/2020 20:23:58</LastModified>
    <ExecutionType>True</ExecutionType>
  </TaskConfig>
</ArrayOfTaskConfig>